step	dice_multi
0	0.4957306295452747
1	0.4957306295452747
2	0.4957306295452747
3	0.6219069855457392
4	0.7495537277968689
5	0.7910456434802406
6	0.7947910814704293
7	0.7993296873557094
8	0.799212053783056
