step	loss
0	0.10301036387681961
1	0.04711943492293358
2	0.047805655747652054
3	0.03842383995652199
4	0.04115702584385872
5	0.03825409337878227
6	0.04358067363500595
7	0.03840053826570511
8	0.03167865052819252
9	0.04626549407839775
10	0.041300736367702484
11	0.03686951845884323
12	0.041574276983737946
13	0.030233096331357956
14	0.03380948677659035
15	0.039162371307611465
16	0.03623074293136597
17	0.036336131393909454
18	0.03638080507516861
