step	loss
0	0.6382130980491638
1	0.09726876765489578
2	0.10749279707670212
3	0.058289866894483566
4	0.07801850140094757
5	0.04541340097784996
6	0.03793825954198837
7	0.03906548395752907
8	0.03898518159985542
