step	loss
0	0.28155776858329773
1	0.059852201491594315
2	0.045347485691308975
3	0.03811502456665039
4	0.032944321632385254
5	0.030223041772842407
6	0.028126658871769905
7	0.02571162022650242
8	0.023510077968239784
9	0.021613020449876785
10	0.020596759393811226
11	0.019496498629450798
12	0.018355976790189743
13	0.01719418726861477
14	0.016155188903212547
15	0.01521608978509903
16	0.014369199052453041
17	0.01364258211106062
18	0.013035252690315247
