{
    "train": {
        "loss": 0.013035252690315247
    },
    "eval": {
        "loss": 0.03638080507516861
    },
    "dice_multi": 0.828026227865761,
    "step": 18
}
