{
    "train": {
        "loss": 0.053953081369400024
    },
    "eval": {
        "loss": 0.03898518159985542
    },
    "dice_multi": 0.799212053783056,
    "step": 8
}
